horizon,factor,factor_label,quantile,n,factor_min,factor_median,factor_max,btc_mean,btc_median,btc_vol,btc_p05,btc_es05,btc_positive_share,gold_mean,gold_median,gold_vol,gold_p05,gold_es05,gold_positive_share,mean_spread_btc_minus_gold
1,equity,Actions américaines,1,453,-0.1276521411564726,-0.011631213479601499,-0.005875362532782091,-0.015070980354067155,-0.01206433637418236,0.043212931641551676,-0.08664998455286507,-0.13064938199059353,0.3068432671081678,-0.0007175483203061376,-0.0008195726363133815,0.012926295922343544,-0.020141561686436837,-0.03106420007517991,0.45916114790286977,-0.014353432033761018
1,equity,Actions américaines,2,452,-0.005858531424819624,-0.0028265827176490177,-0.0008126796836602779,-0.00044858696821628943,-0.003960674088353322,0.043149533683013774,-0.06062519142151786,-0.09724074186800094,0.4446902654867257,-0.0004269717262955332,0.0007393408160063508,0.010443999250880772,-0.016836081708867835,-0.02743080424411424,0.5486725663716814,-2.1615241920756216e-05
1,equity,Actions américaines,3,452,-0.0007977889372803304,0.00089276932941873,0.0026321125222388275,0.0019518440146671205,0.0008639003774604248,0.03861620889055484,-0.06034725638069727,-0.08912778122967,0.5132743362831859,0.00040904262187897565,0.0005648306797345626,0.008569183660644844,-0.011288206026373704,-0.01925420766208624,0.5442477876106194,0.0015428013927881448
1,equity,Actions américaines,4,452,0.002635318442213652,0.004902417743073428,0.007888276759113744,0.007123504149528675,0.005046958878096142,0.03860423487005335,-0.046979372583136315,-0.08168790507652662,0.5951327433628318,0.0017652098504518639,0.0019161761420853907,0.009315641268832638,-0.014911456345034458,-0.019942139907711,0.5929203539823009,0.0053582942990768115
1,equity,Actions américaines,5,453,0.007889040694017524,0.01181191705979856,0.09089490164871528,0.012641454732172484,0.011352783895544505,0.03533480850897618,-0.042790820198579375,-0.07345935228793203,0.6666666666666666,0.0017250625904271723,0.0009563496666089577,0.010867472901148544,-0.015005672496952548,-0.02307191629511016,0.5607064017660044,0.010916392141745312
1,usd,Dollar large,1,453,-0.019099173567123096,-0.003493425370439951,-0.002113469914627686,0.009273780540454482,0.007968368818907834,0.03844104862638792,-0.04472492118148956,-0.08412625590680294,0.6291390728476821,0.005299232509640734,0.004527577262521731,0.010060350060786002,-0.008128515175936357,-0.01672276102583623,0.739514348785872,0.003974548030813748
1,usd,Dollar large,2,452,-0.0021073209381086144,-0.0013459676780973595,-0.0006467014894973033,0.006253138434322649,0.0037865933093055304,0.039796833754763075,-0.054674897332766204,-0.07729890739012808,0.5619469026548672,0.003121843349763047,0.002727662743473136,0.009064823596658328,-0.009627148165557564,-0.016329219024224698,0.6482300884955752,0.003131295084559602
1,usd,Dollar large,3,452,-0.0006452934635596819,-3.560984044570503e-05,0.0006071832603966598,0.0008183554685728375,-3.32333501820159e-05,0.039827052496052395,-0.06050163761114824,-0.09771850204381069,0.49557522123893805,0.00109485343960664,0.0017624891600691583,0.008822811137785764,-0.012947346172961671,-0.0198525729943094,0.588495575221239,-0.0002764979710338024
1,usd,Dollar large,4,452,0.0006168119537601768,0.0013999669981012985,0.002263024300786398,-0.004117437794645489,-0.0033927742204502565,0.04100110153258755,-0.06268452489421214,-0.11129014560578794,0.42920353982300885,-0.0016818578671935756,-0.0009006816304917287,0.009749023247333656,-0.017251459643517465,-0.028681351259462525,0.4491150442477876,-0.0024355799274519132
1,usd,Dollar large,5,453,0.00226732888843717,0.0036740379355038044,0.018747397088045403,-0.0060431236024071295,-0.004613453151007363,0.04351495494753193,-0.07268662901621106,-0.1130111312469047,0.4105960264900662,-0.005077537876640326,-0.004332950273532532,0.01172134945554327,-0.02173824678107632,-0.0326969214527173,0.2803532008830022,-0.0009655857257668031
1,real_rate,Taux réel US 10 ans,1,533,-0.44999999999999996,-0.04999999999999993,-0.030000000000000027,0.0022206444059276946,0.0021662596035891823,0.04132717543370864,-0.06027592771324528,-0.09485712052803742,0.5422138836772983,0.00498809212104644,0.004632228320962994,0.01054744682403923,-0.010090084976842384,-0.019527972624370185,0.7279549718574109,-0.002767447715118745
1,real_rate,Taux réel US 10 ans,2,456,-0.030000000000000006,-0.019999999999999997,-0.010000000000000009,0.004064994218431861,0.0026455276227403957,0.040929091469838266,-0.05455153584143968,-0.09197080686133087,0.5263157894736842,0.002372336804262273,0.0025411547929938827,0.008440235946358746,-0.010376445070430007,-0.016259867031245132,0.6469298245614035,0.0016926574141695877
1,real_rate,Taux réel US 10 ans,3,458,-0.010000000000000002,0.0,0.010000000000000009,0.0007526654264569052,-0.0008445378035215612,0.039350705180255914,-0.06051562567777591,-0.09147482720511235,0.4868995633187773,7.050248545761655e-05,0.0005008176035059542,0.010243013333789438,-0.014287716406527462,-0.025803008114524618,0.5218340611353712,0.0006821629409992886
1,real_rate,Taux réel US 10 ans,4,374,0.010000000000000231,0.020000000000000018,0.030000000000000027,0.000442671522061324,-0.000983017476051451,0.041989320478218704,-0.06310606535401195,-0.09941202944828953,0.48663101604278075,-0.0014209698641867306,-0.0012589769498712045,0.009707066939317516,-0.017256315189545155,-0.024549632500852677,0.43315508021390375,0.0018636413862480547
1,real_rate,Taux réel US 10 ans,5,441,0.03000000000000025,0.06,0.39,-0.0016979587135331911,-0.0014588348545263585,0.041145393521025794,-0.06404174149008846,-0.11031743616426443,0.47392290249433106,-0.004524061747896401,-0.0038037857675305986,0.010995856654161529,-0.021850417580745685,-0.03045306076072295,0.31746031746031744,0.00282610303436321
1,risk_aversion,Aversion au risque,1,453,-0.44244869240364704,-0.08181355991601302,-0.05411089797531199,0.011598637728700189,0.009963166143608149,0.03813053778011923,-0.04473652170244442,-0.0775925224256541,0.6401766004415012,0.001361431997707784,0.0007534549847427741,0.010616641051819106,-0.015696932358467742,-0.023036671089873843,0.5496688741721855,0.010237205730992405
1,risk_aversion,Aversion au risque,2,452,-0.05393757843610203,-0.035972451575515985,-0.021277398447284934,0.004938438096573625,0.004974884503936572,0.03578547525027186,-0.049379560237489704,-0.08054363330218474,0.577433628318584,0.0007937546391624299,0.0009907105703379493,0.010050853934683204,-0.01571287344986705,-0.023898582494681256,0.5530973451327433,0.0041446834574111946
1,risk_aversion,Aversion au risque,3,452,-0.0212511086017364,-0.007511028346794513,0.006669161436280824,0.0025726578030137635,-0.00014186593112786028,0.03729258803164625,-0.050024813458886805,-0.08470718835865645,0.49557522123893805,0.001169363900651008,0.001202159993264118,0.008838881838926218,-0.011263001175076592,-0.018357912468801422,0.584070796460177,0.0014032939023627554
1,risk_aversion,Aversion au risque,4,452,0.0066755922137842205,0.024473528265159583,0.04855948607968186,0.0005624947987238839,-0.0018973341759060958,0.03971513984300663,-0.06050163761114824,-0.08799469469687507,0.4778761061946903,-8.433501231177429e-05,0.0006517142439901313,0.010739099092575304,-0.016053964285311962,-0.027221800395115767,0.5376106194690266,0.0006468298110356581
1,risk_aversion,Aversion au risque,5,453,0.04884197898329923,0.08707788182788123,0.7682450067910249,-0.013476213979853048,-0.01211538182202787,0.048474698070140834,-0.09044447979900667,-0.13907006803969107,0.3355408388520971,-0.00048513021593728684,-0.00035125602256869115,0.01225623044101461,-0.019806665321225304,-0.02929194865123421,0.48123620309050774,-0.012991083763915761
1,credit_baa,Spread de crédit Baa,1,565,-0.19999999999999973,-0.029999999999999805,-0.020000000000000018,0.005224633868729174,0.0020891009345280764,0.04164866715775833,-0.05177126889035896,-0.09653962433546252,0.536283185840708,-0.0013581103302277274,-0.0009844542413608437,0.010839829722241116,-0.019043581268531184,-0.02744393931727188,0.45663716814159294,0.006582744198956901
1,credit_baa,Spread de crédit Baa,2,411,-0.019999999999999796,-0.010000000000000009,-0.009999999999999787,0.003159878987941586,0.000496366873202092,0.03785850270139897,-0.04753420888953741,-0.0794261440632401,0.5036496350364964,-0.0009749586377325235,-0.00021577975709607955,0.01082526368758735,-0.016492420527666418,-0.027913532648386374,0.48661800486618007,0.0041348376256741095
1,credit_baa,Spread de crédit Baa,3,433,0.0,0.0,0.0,0.0012657653346727438,0.0004145284093954871,0.037396318165760285,-0.059208224941587416,-0.08822034372191177,0.5127020785219399,0.00038237887767825007,0.001189581722410793,0.009181421079828203,-0.016473205916210352,-0.023445118887019622,0.558891454965358,0.0008833864569944938
1,credit_baa,Spread de crédit Baa,4,555,0.009999999999999787,0.010000000000000009,0.020000000000000018,-0.000823094410325888,-0.0011997399167427147,0.03826623920158731,-0.06439780813751703,-0.08574175662032608,0.4828828828828829,0.0019161658429090352,0.0018068578078276332,0.009633187929617752,-0.013048886763590416,-0.01884920008685295,0.5801801801801801,-0.002739260253234923
1,credit_baa,Spread de crédit Baa,5,298,0.029999999999999805,0.040000000000000036,0.38000000000000034,-0.0051784108664226685,-0.0013578353552281541,0.051341274164595996,-0.09639203256697416,-0.14118554320899293,0.4798657718120805,0.003977090944329945,0.0039538964462044746,0.012048082921405292,-0.015590957868522801,-0.026544143706552722,0.6778523489932886,-0.009155501810752614
1,liquidity_stress_ex_post,Tensions financières ex post (NFCI révisé),1,428,-2.2113205063349235,-1.5496330652933104,-1.2346162576893887,0.0014447717027065538,0.0011439587731167933,0.03498514988322899,-0.05657445496815674,-0.07987570126919886,0.5233644859813084,0.0012251948191585962,0.0015496511555470605,0.011682311926725157,-0.014669649833614429,-0.026088615883792764,0.5864485981308412,0.00021957688354795764
1,liquidity_stress_ex_post,Tensions financières ex post (NFCI révisé),2,428,-1.2342450801811984,-0.9446678725733252,-0.6698138351099969,0.005171648084752275,0.003128228946129852,0.03766143373815207,-0.04691684187253049,-0.07450480421474147,0.544392523364486,0.000800147355123116,0.0007153723836799131,0.010218455499827644,-0.015700325617578725,-0.024764004751594904,0.5280373831775701,0.004371500729629159
1,liquidity_stress_ex_post,Tensions financières ex post (NFCI révisé),3,427,-0.6681469967295961,-0.44908516562579553,-0.015514203699071777,0.003664783330022443,0.0012527235782329171,0.03914914554126564,-0.05140816690968925,-0.08460617721995632,0.5152224824355972,0.0005108068372162043,0.0009123470738270356,0.010003646258552438,-0.01601819294970719,-0.02440569057657317,0.5526932084309133,0.0031539764928062387
1,liquidity_stress_ex_post,Tensions financières ex post (NFCI révisé),4,428,-0.01282429380376918,0.3917680814545051,1.0083159567937574,-0.0011833939630844631,-0.001348836171215062,0.03237278454999135,-0.04958270022684105,-0.0738350333388505,0.4696261682242991,8.421140351892926e-05,0.00033022925788150914,0.011302388367836189,-0.019286665291799964,-0.02692075195708199,0.5233644859813084,-0.0012676053666033924
1,liquidity_stress_ex_post,Tensions financières ex post (NFCI révisé),5,428,1.0139614310917664,2.1893813917556533,7.216626786588091,-0.004613286736885603,-0.0015753310749690996,0.047547715665321885,-0.0881466065433127,-0.12420105888361216,0.4649532710280374,0.00023831864461493058,0.000384204647743136,0.010532384018244299,-0.01618322529339551,-0.023168189616769554,0.5116822429906542,-0.004851605381500534
5,equity,Actions américaines,1,450,-0.19804402545050426,-0.024775251627621397,-0.012314696348861176,-0.03851112474995857,-0.033272737497079596,0.10915125378378736,-0.22814954957398628,-0.33291274732839105,0.31555555555555553,-0.0030998037082551437,-0.00111702932118396,0.027683170690191144,-0.04882390298750793,-0.07819910986007246,0.4888888888888889,-0.03541132104170343
5,equity,Actions américaines,2,450,-0.012304916535018862,-0.004210583282245217,0.0005120929602586699,0.0010455491395238267,-0.0020381815768582,0.09283966057230633,-0.15252303912261397,-0.20293064811838551,0.4777777777777778,0.00213605545749023,0.0011257587952009374,0.023261453371529094,-0.035463924556627946,-0.047416089444254676,0.5222222222222223,-0.0010905063179664034
5,equity,Actions américaines,3,450,0.000557500360740093,0.005012704233807952,0.008989517849355977,0.018936982203188152,0.011893992501136985,0.08281573205227566,-0.10429548634305333,-0.14187149504818725,0.5755555555555556,0.002937332249812289,0.0031657823371027405,0.02034003531600328,-0.028936100462663907,-0.041397183698580815,0.56,0.015999649953375862
5,equity,Actions américaines,4,450,0.009018141923194278,0.013003631348592393,0.01795853003801895,0.017616870972747164,0.011018889788611652,0.0854671836157241,-0.11438009802178807,-0.18163976163648723,0.5911111111111111,0.005591654025850294,0.005179793168556657,0.01910455407864206,-0.025506088719081218,-0.035652559412879946,0.6222222222222222,0.01202521694689687
5,equity,Actions américaines,5,450,0.01797281922685734,0.026915128778130182,0.16039479257318945,0.03291010603113864,0.02882229568720085,0.08010726407629595,-0.07669788769620789,-0.1464542642629178,0.6911111111111111,0.006025999575767869,0.004793713029842106,0.023289414850846114,-0.030299392412834924,-0.04441045223658733,0.6133333333333333,0.026884106455370774
5,usd,Dollar large,1,450,-0.027444919624708852,-0.008347305054325016,-0.005531158785193391,0.026660145219415704,0.02564449897488874,0.08536070377031565,-0.08846314921400866,-0.1742807264103134,0.6577777777777778,0.0164359991124652,0.014773716211325283,0.0218728203208379,-0.015230132002474006,-0.02435960732392155,0.8066666666666666,0.010224146106950504
5,usd,Dollar large,2,450,-0.005528480532521307,-0.0034517476123121504,-0.0016677625928513962,0.016063424965736952,0.011064255432057912,0.0895145209985005,-0.13101880224629578,-0.1892323562611243,0.5866666666666667,0.0073877487229360005,0.005934958018772196,0.01847290622771132,-0.01594598751752314,-0.03613487994408781,0.6888888888888889,0.008675676242800951
5,usd,Dollar large,3,450,-0.0016500765862286215,1.488341759614542e-05,0.0018827464606614441,0.004757068241321656,-0.0003365009318025969,0.08566737076879033,-0.12762937635092886,-0.18178824270228303,0.49777777777777776,0.0038102205831444043,0.0048301881590702145,0.019626122036301392,-0.026032377734481478,-0.044322237725773754,0.6,0.0009468476581772516
5,usd,Dollar large,4,450,0.001896924147879453,0.00357533771593177,0.005603565519766818,0.0032938218909853724,0.0005524864211929881,0.09367059581658145,-0.14127093429828896,-0.1988436216907602,0.5022222222222222,-0.00234842106702839,-0.0025354749230581675,0.021998342663371872,-0.03573337699878811,-0.054645156942862136,0.45111111111111113,0.0056422429580137625
5,usd,Dollar large,5,450,0.005614944084610052,0.008463844970967305,0.04878432505495578,-0.018776076720820465,-0.01371692707754324,0.10764149301320228,-0.1843439400313379,-0.30820659111218485,0.4066666666666667,-0.011694309750851678,-0.012053621786188629,0.02340443726652428,-0.04769438859092552,-0.06697855425513646,0.26,-0.007081766969968787
5,real_rate,Taux réel US 10 ans,1,453,-0.86,-0.11000000000000001,-0.07,0.012564503887719678,0.012232075096543227,0.08915310406996935,-0.12669440255115916,-0.17493164067050107,0.5518763796909493,0.01543960338213635,0.015324849659542394,0.02129509141093592,-0.01861034740896059,-0.031114054104876703,0.8101545253863135,-0.0028750994944166716
5,real_rate,Taux réel US 10 ans,2,494,-0.06999999999999999,-0.040000000000000036,-0.020000000000000018,0.016017258517606,0.006133826723125679,0.09267487189887333,-0.1308407908083032,-0.1841569422574341,0.5425101214574899,0.007038079955462793,0.006163595189714766,0.01917456880898832,-0.023153547664084194,-0.03342960736718428,0.6518218623481782,0.008979178562143206
5,real_rate,Taux réel US 10 ans,3,435,-0.020000000000000004,0.0,0.020000000000000018,0.019510058646408708,0.011434378867932082,0.0943289461819245,-0.11405505221088337,-0.17719099170316185,0.5839080459770115,0.0029184761776293406,0.0031883338247284954,0.02118413776060411,-0.02660773616552827,-0.0458901831400149,0.5609195402298851,0.016591582468779367
5,real_rate,Taux réel US 10 ans,4,418,0.029999999999999805,0.04999999999999999,0.07999999999999999,-0.003409198579829677,0.0049932037768485316,0.09307088535503467,-0.1649461046593533,-0.2532603475192223,0.5239234449760766,-0.0021705487726158415,-0.0019750199845463,0.01933249022826202,-0.03438030463709798,-0.04727370433251326,0.45454545454545453,-0.0012386498072138354
5,real_rate,Taux réel US 10 ans,5,450,0.08000000000000002,0.1299999999999999,0.6900000000000001,-0.013926230789257142,-0.008168764970904796,0.09625074823360145,-0.15912950924440822,-0.2908855672650553,0.4488888888888889,-0.01048253924471608,-0.009345392843906009,0.025695763350329904,-0.051696512291363204,-0.0757952052929671,0.3111111111111111,-0.003443691544541062
5,risk_aversion,Aversion au risque,1,450,-0.628653917506607,-0.17347444577146653,-0.10845170822749894,0.03190804642786495,0.02744638310939873,0.08738381023235146,-0.09842385181204971,-0.15956110083272287,0.6644444444444444,0.00363044435511306,0.0032447874561873924,0.023012193863393888,-0.031411392828042214,-0.047841449596919716,0.5755555555555556,0.028277602072751887
5,risk_aversion,Aversion au risque,2,450,-0.10835112203342812,-0.07072457189618575,-0.03990729059185494,0.01906800394902513,0.015183598790970088,0.08447891050192795,-0.10380369179120379,-0.15715759089103257,0.5911111111111111,0.0043319850479208435,0.004275991064886853,0.02009191213267796,-0.027978475767963796,-0.03824672820008169,0.58,0.014736018901104285
5,risk_aversion,Aversion au risque,3,450,-0.03969986984668461,-0.011732798001955258,0.015686596167699296,0.015095436629487011,0.011679574836683138,0.0819964215130602,-0.11442491952034146,-0.16703250902683225,0.58,0.0035672600602422457,0.003683531738330359,0.022697063004107353,-0.03221246887012094,-0.047886516242606786,0.5688888888888889,0.011528176569244765
5,risk_aversion,Aversion au risque,4,450,0.016117565021068536,0.05410146315496256,0.10361226346429708,0.0031587482409572783,-0.0008646448446416599,0.08695135963246717,-0.1265718003602979,-0.2012726746448104,0.4822222222222222,0.003423241395733996,0.0038822115872925167,0.02264108719810028,-0.03534021789466579,-0.044797020426092835,0.5822222222222222,-0.0002644931547767177
5,risk_aversion,Aversion au risque,5,450,0.1037647100074186,0.18413719935176176,0.9919664257896192,-0.03723185165069515,-0.03243139010624585,0.1108506545864693,-0.22110482379023516,-0.330458726782813,0.3333333333333333,-0.001361693258344607,4.3785750225566744e-07,0.026452512876283776,-0.04176733399416501,-0.07307377443997821,0.5,-0.03587015839235054
5,credit_baa,Spread de crédit Baa,1,473,-0.5500000000000003,-0.07999999999999985,-0.050000000000000044,0.016013954671753282,0.01253407932976458,0.08599762747204873,-0.09664397721029978,-0.19225656175352746,0.5813953488372093,-0.0007514013682489897,-0.0005519405304204028,0.025275217528275107,-0.04015607057316046,-0.059577540652470264,0.4799154334038055,0.01676535604000227
5,credit_baa,Spread de crédit Baa,2,482,-0.04999999999999982,-0.030000000000000027,-0.020000000000000018,0.01751684775404807,0.011289941857146601,0.08637323447651395,-0.11762757552287706,-0.16516459669718075,0.5684647302904564,0.0006115444244593706,0.0003597199263580819,0.021749456402896362,-0.031655576120309226,-0.04963836783412852,0.5124481327800829,0.0169053033295887
5,credit_baa,Spread de crédit Baa,3,495,-0.019999999999999796,0.0,0.010000000000000009,0.01703210044369138,0.01072234769650926,0.08913893807421587,-0.11378891852234288,-0.1695737530249248,0.5636363636363636,0.004399295887329431,0.00485511362737423,0.02099928059260299,-0.028398268795750692,-0.04218773200855864,0.604040404040404,0.012632804556361949
5,credit_baa,Spread de crédit Baa,4,373,0.010000000000000231,0.029999999999999805,0.040000000000000036,-0.0025165813810310534,0.0007932128651937376,0.09599811879235963,-0.15479211447097327,-0.23743574784159777,0.5013404825737265,0.004895178362482816,0.004267583653486895,0.022569481738578246,-0.02897267046325407,-0.04631507070003378,0.5898123324396782,-0.00741175974351387
5,credit_baa,Spread de crédit Baa,5,427,0.04999999999999982,0.07999999999999985,0.9300000000000006,-0.021336424878701344,-0.01492460011401242,0.1069657004145131,-0.20500151336372735,-0.3015491511052742,0.4168618266978923,0.005089349792640957,0.006390204778764286,0.024440824257492125,-0.036911541827189163,-0.053624887308555434,0.6323185011709602,-0.0264257746713423
5,liquidity_stress_ex_post,Tensions financières ex post (NFCI révisé),1,428,-2.2113205063349235,-1.5496330652933104,-1.2346162576893887,0.007622377781984276,0.006587969419116213,0.0803511938351029,-0.12130046952803797,-0.1858419305413168,0.5537383177570093,0.006355010741973328,0.006440391748418595,0.025562180988219312,-0.03278756970424039,-0.05212580909241149,0.6308411214953271,0.0012673670400109478
5,liquidity_stress_ex_post,Tensions financières ex post (NFCI révisé),2,428,-1.2342450801811984,-0.9446678725733252,-0.6698138351099969,0.02566862118262688,0.015320388562184206,0.0818892993528446,-0.09121418178931293,-0.12458022020043712,0.6051401869158879,0.002324954299400695,0.002996170092971262,0.020458071789223587,-0.0338054192823928,-0.043889239230075046,0.5794392523364486,0.023343666883226186
5,liquidity_stress_ex_post,Tensions financières ex post (NFCI révisé),3,427,-0.6681469967295961,-0.44908516562579553,-0.015514203699071777,0.016496414379332486,0.008935253157480005,0.08498948819620268,-0.1158716991721704,-0.15329253476857838,0.5480093676814989,0.0034313694005149078,0.002366054643837323,0.02089246271239471,-0.030904494421695895,-0.04193148533851962,0.5620608899297423,0.013065044978817579
5,liquidity_stress_ex_post,Tensions financières ex post (NFCI révisé),4,428,-0.01282429380376918,0.3917680814545051,1.0083159567937574,-0.003820412836479709,-0.0029912592404599536,0.06768828730319591,-0.11753946720321391,-0.1637685255423759,0.4766355140186916,-0.00025577624483263847,0.0008148694863261419,0.024538457630188117,-0.039492224126778684,-0.06684155570894483,0.5163551401869159,-0.0035646365916470702
5,liquidity_stress_ex_post,Tensions financières ex post (NFCI révisé),5,428,1.0139614310917664,2.1893813917556533,7.216626786588091,-0.022645191180174676,-0.014215312593464091,0.11237048477650416,-0.22944556871745334,-0.325633454954329,0.42990654205607476,0.0021351131850808613,0.002128067095881203,0.025190851235523375,-0.03440955241203274,-0.05300741373225999,0.5327102803738317,-0.024780304365255537
20,equity,Actions américaines,1,443,-0.37025095860011437,-0.04699290959857372,-0.019858916115483183,-0.08838192764980105,-0.05781812938320385,0.19561259148968252,-0.44034367723168055,-0.5711036135338549,0.2979683972911964,0.0027965182703652853,0.004964008533868025,0.04687788768904615,-0.0743893058778271,-0.10849844263839803,0.5349887133182845,-0.09117844592016633
20,equity,Actions américaines,2,442,-0.01970866466280885,-0.0011408219904822658,0.009513376016696995,-0.03570920176582768,-0.037673730885582124,0.1860428327452011,-0.3255907525947793,-0.41685975356257843,0.4276018099547511,0.00721769344120951,0.0033570170430490265,0.046352075139056634,-0.06692761552136339,-0.09161608520389938,0.5384615384615384,-0.04292689520703719
20,equity,Actions américaines,3,442,0.009521911244736003,0.01827925142585851,0.025497263789928226,0.059204712850284065,0.020276217784052086,0.1946922460131731,-0.21620679393625525,-0.3106958791898729,0.5723981900452488,0.011076498153143596,0.004703128227673492,0.04171018888987342,-0.0484687621880767,-0.06002624241408965,0.5588235294117647,0.04812821469714047
20,equity,Actions américaines,4,442,0.025507390092641913,0.032332007705952126,0.04191132985433832,0.09511733700644685,0.07259761913459517,0.2050419118913311,-0.20247371631334116,-0.25616562317601815,0.6855203619909502,0.013580016218004623,0.0035558111663007708,0.039547765127745,-0.04132039684502455,-0.053690805650855086,0.5565610859728507,0.08153732078844222
20,equity,Actions américaines,5,443,0.04191228352422627,0.05537329943133962,0.20281085627096118,0.09899356546518133,0.10384516135603583,0.1609466588636519,-0.17376961491859041,-0.27797633743005984,0.7765237020316027,0.018279635851682446,0.01610337023647901,0.039371445300608536,-0.03954151966960273,-0.05467386776999086,0.6794582392776524,0.08071392961349888
20,usd,Dollar large,1,443,-0.04928640857565014,-0.01675836485559845,-0.011354678395322892,0.04871688169855947,0.05733032311558439,0.19545038625163313,-0.3020647422692551,-0.44243404375734974,0.6523702031602708,0.03740032270389991,0.03415425855252163,0.04188898700963299,-0.029065089306702596,-0.04154756848577681,0.8284424379232506,0.01131655899465956
20,usd,Dollar large,2,442,-0.011328763478466897,-0.007455302953753851,-0.003355089285434154,0.04768315179003086,0.023629937166953496,0.2039869204624669,-0.27214646772438494,-0.3514965897473194,0.5972850678733032,0.025006535574923296,0.021853823589403465,0.03163379085639373,-0.0232070935835313,-0.03270965128058591,0.7873303167420814,0.022676616215107564
20,usd,Dollar large,3,442,-0.0033477610408203518,9.661855233211725e-05,0.004209625274913975,0.05531202936974812,0.05009595004308309,0.21470691169455242,-0.2567661560705565,-0.4102859751080188,0.6266968325791855,0.009203404123359507,0.0050002399490414184,0.0335724662663816,-0.03749786735601139,-0.05259157817644006,0.5610859728506787,0.04610862524638861
20,usd,Dollar large,4,442,0.00422577333616303,0.008247842017341522,0.013130234301012678,0.010444073735661748,-0.007197156181190323,0.19353281212747403,-0.2699308370004287,-0.3893203301911548,0.4819004524886878,-0.0024757642423019945,-0.006049306933866738,0.038675040575394566,-0.05908413852611533,-0.0771458910219882,0.4230769230769231,0.012919837977963743
20,usd,Dollar large,5,443,0.01319046297554749,0.018245267362527073,0.07168075352510161,-0.03294332922766131,-0.036500894274913875,0.19482237596739,-0.33843098102141905,-0.44763558567237915,0.4018058690744921,-0.01618445232560252,-0.019736289166311316,0.046247596353483446,-0.08179180500094567,-0.1165528540982413,0.2686230248306998,-0.016758876902058788
20,real_rate,Taux réel US 10 ans,1,451,-0.98,-0.21999999999999997,-0.14,0.05804156077790169,0.05008468151955192,0.1605571565935247,-0.19081016704377518,-0.3005623726512036,0.6407982261640798,0.040024801990024325,0.03838839351800072,0.03392055194466912,-0.011845633023982227,-0.027804871993819324,0.893569844789357,0.01801675878787737
20,real_rate,Taux réel US 10 ans,2,466,-0.13999999999999999,-0.08000000000000007,-0.040000000000000036,0.026801136945536905,0.02154834495642355,0.21752745463208953,-0.3105564416265145,-0.4440256887945669,0.5600858369098712,0.017858023382672675,0.01643978720865924,0.03632174365519509,-0.041957511782596324,-0.05330736884776736,0.6824034334763949,0.00894311356286423
20,real_rate,Taux réel US 10 ans,3,415,-0.04000000000000001,0.0,0.040000000000000036,0.05011621419975434,0.033089556355914596,0.23457389987414282,-0.2692555174519374,-0.36297943320081283,0.5734939759036145,0.010111603714543622,0.0023765941334694674,0.04143528205736377,-0.04414720941690948,-0.059999627562360956,0.5253012048192771,0.040004610485210715
20,real_rate,Taux réel US 10 ans,4,444,0.04999999999999982,0.09999999999999998,0.15999999999999992,0.03236693136938605,0.018135880209925404,0.19699683940292903,-0.2676604650445023,-0.4077873963360998,0.5653153153153153,2.5434357647843128e-05,-0.005430593761565294,0.038906628082375945,-0.05331573635069557,-0.08010191794078002,0.4189189189189189,0.03234149701173821
20,real_rate,Taux réel US 10 ans,5,436,0.15999999999999998,0.28,1.0999999999999999,-0.03831969206414366,-0.020037267111714385,0.18704726278738992,-0.34549458430297486,-0.4763113383838084,0.41743119266055045,-0.016411690048230326,-0.018808786295771096,0.043617964081865954,-0.08169963255977564,-0.11607179191364905,0.3302752293577982,-0.021908002015913332
20,risk_aversion,Aversion au risque,1,443,-0.7984439999216897,-0.2858924355957,-0.18588387702963338,0.09561105982756586,0.0921903855161812,0.17646728029716927,-0.17977624829926722,-0.27674276652394025,0.7291196388261851,0.01244752469291246,0.008356372311628668,0.042679692451258536,-0.05246234875254591,-0.06518459859484169,0.600451467268623,0.0831635351346534
20,risk_aversion,Aversion au risque,2,442,-0.18583883154854508,-0.1224465229754228,-0.06907367630296246,0.058170846588884544,0.03724829702454713,0.19291024684618419,-0.22462251194326113,-0.32318536649609897,0.6108597285067874,0.011364726900113175,0.004883590339924915,0.038988331958521506,-0.046745418412465066,-0.06118100007406264,0.5678733031674208,0.046806119688771367
20,risk_aversion,Aversion au risque,3,442,-0.06896196388522435,-0.016660375850250597,0.03636764417087468,0.03859695182554207,0.022876137706874466,0.19558673675227226,-0.24989733993095653,-0.3681850929281517,0.5950226244343891,0.008116758802823844,0.00396655790378464,0.03882784646922364,-0.05208874543488453,-0.07112966634961591,0.5497737556561086,0.030480193022718226
20,risk_aversion,Aversion au risque,4,442,0.03641494674177803,0.099293911075645,0.17962408257283613,0.00144261851106527,-0.012367915522961681,0.2088830993561329,-0.33445549704126876,-0.4192052778990206,0.47058823529411764,0.011243241756754131,0.007037673930494925,0.045345580363365764,-0.057949907297224754,-0.08163771557500792,0.5633484162895928,-0.009800623245688861
20,risk_aversion,Aversion au risque,5,443,0.1798530292506264,0.2883397508707519,1.7991637635396711,-0.06464304599613183,-0.052138300860521625,0.20432521906610546,-0.3693254207636434,-0.5529402823957099,0.3544018058690745,0.00977551501802608,0.010174233529734344,0.04922445580582822,-0.06716892308591946,-0.10534695631380374,0.5869074492099323,-0.0744185610141579
20,credit_baa,Spread de crédit Baa,1,468,-1.0199999999999996,-0.16000000000000014,-0.11999999999999988,0.07642040666983536,0.0866909393994284,0.20827082615811734,-0.28207940179364516,-0.4192949729913292,0.6794871794871795,0.01303164009937241,0.010014101495350758,0.04397395093496369,-0.04968863075076739,-0.06680761190697444,0.594017094017094,0.06338876657046295
20,credit_baa,Spread de crédit Baa,2,434,-0.11999999999999966,-0.08000000000000007,-0.050000000000000044,0.077209859328368,0.047467750126147124,0.19854464935436514,-0.19800048220609953,-0.24399005990472877,0.6336405529953917,0.007230107439199298,0.004490435233660328,0.04098684524197684,-0.05724605355911372,-0.07365739782248698,0.5622119815668203,0.0699797518891687
20,credit_baa,Spread de crédit Baa,3,443,-0.04999999999999982,-0.020000000000000018,0.010000000000000009,0.04969777504190535,0.024915945296280384,0.18338863783926054,-0.2438498294741146,-0.3371195425697259,0.6049661399548533,0.009775870572256127,0.003295117064144648,0.046758961611880534,-0.05971291673605652,-0.09604293408054598,0.5507900677200903,0.039921904469649216
20,credit_baa,Spread de crédit Baa,4,427,0.010000000000000231,0.040000000000000036,0.08000000000000007,-0.004248821305254929,-0.013397072915552144,0.169198024504858,-0.2664033693324523,-0.33315694274425495,0.4707259953161593,0.008843804291381933,0.0027438239667167963,0.04240935107563846,-0.048291944311180404,-0.0734033607994695,0.531615925058548,-0.013092625596636862
20,credit_baa,Spread de crédit Baa,5,440,0.08999999999999986,0.16000000000000014,2.1799999999999997,-0.07351786933595954,-0.056299756335987716,0.21135032470395057,-0.44632313775728266,-0.5651750251628019,0.3613636363636364,0.013821470086547565,0.015677663991590318,0.04122830122217688,-0.059720871834116764,-0.07706462370679573,0.6272727272727273,-0.0873393394225071
20,liquidity_stress_ex_post,Tensions financières ex post (NFCI révisé),1,425,-2.2113205063349235,-1.5515267731351565,-1.2351851012169421,0.04054794414160466,0.023716968233916447,0.16915909409885713,-0.26579148187980267,-0.3731148055117343,0.5929411764705882,0.02509844107631934,0.018287187848068598,0.04618402431483572,-0.04361280069851254,-0.058099484244635485,0.6705882352941176,0.015449503065285322
20,liquidity_stress_ex_post,Tensions financières ex post (NFCI révisé),2,425,-1.2350883268289568,-0.9482246106787915,-0.6726036318672011,0.09354484060403577,0.07647132773197995,0.16969333394871008,-0.15683324338225899,-0.21594564897404106,0.7176470588235294,0.010496351990508966,0.007580473792047293,0.03830301199439633,-0.05282656032006354,-0.06196068703435722,0.6047058823529412,0.0830484886135268
20,liquidity_stress_ex_post,Tensions financières ex post (NFCI révisé),3,424,-0.6717581867756619,-0.4559489254123977,-0.02927649258307882,0.05199784277091612,0.025922383655103687,0.17717792397978163,-0.22034291332748487,-0.2640690123434668,0.5731132075471698,0.007767641717563117,-6.06447354893902e-05,0.039420979620117716,-0.04570207953538206,-0.057328458173099464,0.49764150943396224,0.044230201053353
20,liquidity_stress_ex_post,Tensions financières ex post (NFCI révisé),4,425,-0.029039627547465228,0.3727385000398082,0.9265844404303839,-0.006408630316879479,-0.006277537099066421,0.14225663715232226,-0.22833121969004075,-0.2542021609278224,0.48470588235294115,0.003878013059942992,0.006782942371572176,0.048134628457354244,-0.08745153188849031,-0.12164526888046073,0.5623529411764706,-0.01028664337682247
20,liquidity_stress_ex_post,Tensions financières ex post (NFCI révisé),5,425,0.9277916231574633,2.180030559487885,7.216626786588091,-0.09375817186112256,-0.07334729033569509,0.2052720999067692,-0.4491074623176981,-0.5651750251628019,0.35294117647058826,0.006755863594287801,0.006504343324635897,0.04244987457447244,-0.062442264606640305,-0.07459732709620968,0.5552941176470588,-0.10051403545541036
