reference_month,release_date,trading_date,cpi_yoy,inflation_acceleration,btc_return_release_day,gold_return_release_day,cpi_yoy_quintile,inflation_acceleration_quintile
2017-08-01,2017-09-14,2017-09-14,0.019389742120581754,0.002109957556856834,-0.14125036462666785,0.004369098124020532,2.0,4.0
2017-09-01,2017-10-13,2017-10-13,0.022329638650032235,0.002939896529450481,0.0431493709067059,0.007539254296556663,2.0,4.0
2017-10-01,2017-11-15,2017-11-15,0.020411287019761692,-0.0019183516302705428,0.09762786851436722,-0.0012346702455863223,2.0,2.0
2017-11-01,2017-12-13,2017-12-13,0.02202582938683184,0.0016145423670701486,-0.059544756703195034,0.008596013189973384,2.0,4.0
2017-12-01,2018-01-12,2018-01-12,0.021090824745684245,-0.0009350046411475965,0.034821903851572245,0.012044492942166585,2.0,2.0
2018-01-01,2018-02-14,2018-02-14,0.020705076202751638,-0.00038574854293260685,0.06445685197499351,0.016908852519764928,2.0,3.0
2018-02-01,2018-03-13,2018-03-13,0.022117954212386604,0.0014128780096349658,0.015280546282877339,0.001909899228191847,2.0,4.0
2018-03-01,2018-04-11,2018-04-11,0.023597114039729084,0.00147915982734248,0.010180394467052878,0.0077577307979446175,2.0,4.0
2018-04-01,2018-05-10,2018-05-10,0.02462743943334811,0.0010303253936190249,-0.022237421792176804,0.00681336824222889,2.0,3.0
2018-05-01,2018-06-12,2018-06-12,0.028010117148075553,0.0033826777147274445,-0.03822465797879104,-0.003332688774722037,3.0,5.0
2018-06-01,2018-07-12,2018-07-12,0.0287154783531669,0.0007053612050913483,-0.02736911871791925,0.004156581212429344,3.0,3.0
2018-07-01,2018-08-10,2018-08-10,0.029495150866471143,0.0007796725133042415,-0.01054532302677913,-0.00043582289228183413,3.0,3.0
2018-08-01,2018-09-13,2018-09-13,0.026991801041874375,-0.002503349824596768,0.021322061094636524,-0.003597564816940846,3.0,2.0
2018-09-01,2018-10-11,2018-10-11,0.022769721941990007,-0.004222079099884368,-0.051931239180172284,0.025366544894875886,2.0,1.0
2018-10-01,2018-11-14,2018-11-14,0.025224699286070296,0.002454977344080289,-0.1175505574034652,0.008233404279792467,3.0,4.0
2018-11-01,2018-12-12,2018-12-12,0.021766010321524032,-0.0034586889645462637,0.019829629552608807,0.002124676769657441,2.0,1.0
2018-12-01,2019-01-11,2019-01-11,0.019101588486313714,-0.0026644218352103177,0.0073479677745975636,0.0017256811414601003,1.0,1.0
2019-01-01,2019-02-13,2019-02-13,0.015512351381991252,-0.0035892371043224625,-0.01281888433783962,-0.0039639080913298486,1.0,1.0
2019-02-01,2019-03-12,2019-03-12,0.01520135265933309,-0.0003109987226581623,0.006491422530377378,0.006035459879401905,1.0,3.0
2019-03-01,2019-04-10,2019-04-10,0.018625227405691724,0.003423874746358635,0.03742409836653415,0.0030808947099307815,1.0,5.0
2019-04-01,2019-05-10,2019-05-10,0.019964397755302565,0.001339170349610841,0.04362208304700488,0.0018959191232168493,2.0,4.0
2019-05-01,2019-06-12,2019-06-12,0.017902284687663972,-0.0020621130676385935,0.031258741369269316,0.005179100221238464,1.0,2.0
2019-06-01,2019-07-11,2019-07-11,0.016484846560762545,-0.001417438126901427,-0.04295590074560529,-0.008479433149487292,1.0,2.0
2019-07-01,2019-08-13,2019-08-13,0.018114648063935146,0.001629801503172601,-0.04556335802009137,-0.005977346952418472,1.0,4.0
2019-08-01,2019-09-12,2019-09-12,0.017497798894291483,-0.0006168491696436629,0.0222888319945298,0.002054249269613173,1.0,2.0
2019-09-01,2019-10-10,2019-10-10,0.017113045131695204,-0.00038475376259627936,-0.002893543841288704,-0.008767683192965947,1.0,3.0
2019-10-01,2019-11-13,2019-11-13,0.017640429444213845,0.0005273843125186417,-0.003379942191978458,0.003994072881030597,1.0,3.0
2019-11-01,2019-12-11,2019-12-11,0.020512779818916194,0.0028723503747023482,-0.0049780237062027055,0.006861935627691551,2.0,4.0
2019-12-01,2020-01-14,2020-01-14,0.022851297401217163,0.0023385175823009696,0.06323537674392377,-0.00089194118264313,2.0,4.0
2020-01-01,2020-02-13,2020-02-13,0.024865719552504606,0.0020144221512874427,-0.014577626582807923,0.005677303718111482,3.0,4.0
2020-02-01,2020-03-11,2020-03-11,0.023348735639459495,-0.0015169839130451113,-0.019069139749666064,-0.0035667044227176703,2.0,2.0
2020-03-01,2020-04-10,2020-04-13,0.015393269919198094,-0.007955465720261401,-0.06986953502681637,0.0169951055139288,1.0,1.0
2020-04-01,2020-05-12,2020-05-12,0.003290966863368272,-0.012102303055829822,0.005353131596484317,0.0038815245238019713,1.0,1.0
2020-05-01,2020-06-10,2020-06-10,0.0011792637021070806,-0.0021117031612611914,0.012359655113792556,0.01422314285485271,1.0,2.0
2020-06-01,2020-07-14,2020-07-14,0.006457330475554857,0.005278066773447776,0.0037106636212023147,0.004652728164010966,1.0,5.0
2020-07-01,2020-08-12,2020-08-12,0.009860818253037085,0.003403487777482228,0.01585063349638105,-0.004679132411383513,1.0,5.0
2020-08-01,2020-09-11,2020-09-11,0.013096453823307153,0.003235635570270068,0.005158002218120572,-5.486155779266255e-05,1.0,5.0
2020-09-01,2020-10-13,2020-10-13,0.013713248610564666,0.000616794787257513,-0.013874359460702479,-0.01585383405158325,1.0,3.0
2020-10-01,2020-11-12,2020-11-12,0.011820661677274913,-0.0018925869332897527,0.027167672003786336,0.0060423875087805,1.0,2.0
2020-11-01,2020-12-10,2020-12-10,0.011745357842679605,-7.530383459530832e-05,0.001350158758832265,-0.0019148863181888132,1.0,3.0
2020-12-01,2021-01-13,2021-01-13,0.013620054947193205,0.0018746971045136007,0.054874621073629726,-0.004316677807614688,1.0,4.0
2021-01-01,2021-02-10,2021-02-10,0.013997697415600863,0.00037764246840765736,-0.055199015689051834,0.0036544306292798368,1.0,3.0
2021-02-01,2021-03-10,2021-03-10,0.016762152173745104,0.0027644547581442414,0.0350849343463846,0.0050853276984303974,1.0,4.0
2021-03-01,2021-04-13,2021-04-13,0.02619762508959189,0.009435472915846788,0.047236995848338736,0.007061488473290467,3.0,5.0
2021-04-01,2021-05-12,2021-05-12,0.041596948387021104,0.015399323297429213,-0.03912267689020865,-0.009983483413452454,4.0,5.0
2021-05-01,2021-06-10,2021-06-10,0.04992706537594471,0.008330116988923608,0.011370435059109951,0.004285131517665519,5.0,5.0
2021-06-01,2021-07-13,2021-07-13,0.053914514133213354,0.003987448757268641,-0.015757733948529307,0.0013009357869862015,5.0,5.0
2021-07-01,2021-08-11,2021-08-11,0.05365475239385398,-0.0002597617393593765,0.020715147177542192,0.013690828071884376,5.0,3.0
2021-08-01,2021-09-14,2021-09-14,0.05251271554874992,-0.0011420368451040552,0.03800710810382668,0.006417907636002695,5.0,2.0
2021-09-01,2021-10-13,2021-10-13,0.053903488550791634,0.001390773002041712,0.03428700213729741,0.01763773443447203,5.0,4.0
2021-10-01,2021-11-10,2021-11-10,0.062218689033288976,0.008315200482497342,-0.022656549607985355,0.010800248284572156,5.0,5.0
2021-11-01,2021-12-10,2021-12-10,0.06809002839806477,0.005871339364775796,0.015545970702726564,0.004211020685246147,5.0,5.0
2021-12-01,2022-01-12,2022-01-12,0.07036402865545144,0.0022740002573866658,0.023588671089550317,0.002639137142411485,5.0,4.0
2022-01-01,2022-02-10,2022-02-10,0.07479872468289117,0.004434696027439733,-0.014916398978767731,-0.0038037857675305986,5.0,5.0
2022-02-01,2022-03-10,2022-03-10,0.07871063897739283,0.003911914294501662,-0.05475713633773083,0.0031163668784781606,5.0,5.0
2022-03-01,2022-04-12,2022-04-12,0.08542455554842432,0.006713916571031486,-0.017209490764953372,0.007647435301758598,5.0,5.0
2022-04-01,2022-05-11,2022-05-11,0.08258629340882373,-0.002838262139600589,-0.06452711573394687,0.008133958004822084,5.0,1.0
2022-05-01,2022-06-10,2022-06-10,0.08581511543676523,0.0032288220279415025,-0.035160913471834476,0.013323135228160865,5.0,5.0
2022-06-01,2022-07-13,2022-07-13,0.09059757964784154,0.004782464211076309,0.012978631581750832,0.004776265963685411,5.0,5.0
2022-07-01,2022-08-10,2022-08-10,0.0852481474562552,-0.005349432191586345,0.0250642929151752,-0.002515111058863262,5.0,1.0
2022-08-01,2022-09-13,2022-09-13,0.08262692503116242,-0.002621222425092773,-0.10044505106255563,-0.013096728906648814,5.0,2.0
2022-09-01,2022-10-13,2022-10-13,0.0820166964383362,-0.000610228592826223,0.012083592137061672,-0.0069476110871145025,5.0,2.0
2022-10-01,2022-11-10,2022-11-10,0.07745427330804922,-0.0045624231302869855,0.10885573878685051,0.029990153003992326,5.0,1.0
2022-11-01,2022-12-13,2022-12-13,0.07110322794191726,-0.006351045366131958,0.03583498654267814,0.016936889733695004,5.0,1.0
2022-12-01,2023-01-12,2023-01-12,0.0645440133141082,-0.006559214627809062,0.0819255539264816,0.011501603213231348,5.0,1.0
2023-01-01,2023-02-14,2023-02-14,0.06410146968856267,-0.00044254362554552173,0.0267310840485262,0.0007534549847427741,5.0,3.0
2023-02-01,2023-03-14,2023-03-14,0.06035613077866597,-0.0037453389098967005,0.03126985617559619,-0.005807897981361165,5.0,1.0
2023-03-01,2023-04-12,2023-04-12,0.04984974122099173,-0.010506389557674245,-0.011060939976525574,0.004873245294512607,4.0,1.0
2023-04-01,2023-05-10,2023-05-10,0.049303203981889254,-0.0005465372391024736,-0.0008680964994898233,-0.00142946404099753,4.0,3.0
2023-05-01,2023-06-13,2023-06-13,0.040476092727919744,-0.00882711125396951,0.00303903065412392,-0.0073948331208413265,4.0,1.0
2023-06-01,2023-07-12,2023-07-12,0.029691776545588855,-0.010784316182330889,-0.009677174781955955,0.013450555215707816,3.0,1.0
2023-07-01,2023-08-10,2023-08-10,0.03177780177942169,0.0020860252338328333,0.0009619317389688575,-0.0010691758408611918,4.0,4.0
2023-08-01,2023-09-13,2023-09-13,0.03665112384399549,0.004873322064573804,0.0028218813607541193,-0.0023126820451926378,4.0,5.0
2023-09-01,2023-10-12,2023-10-12,0.0369969812134443,0.00034585736944880985,-0.0018804667811043174,-0.003054310387323511,4.0,3.0
2023-10-01,2023-11-14,2023-11-14,0.03241144651893202,-0.004585534694512283,-0.041609045363834696,0.008879636186604145,4.0,1.0
2023-11-01,2023-12-12,2023-12-12,0.03137270708841777,-0.0010387394305142461,0.009053802226828722,-0.0005447904909061663,4.0,2.0
2023-12-01,2024-01-11,2024-01-11,0.033521228314302265,0.002148521225884492,0.002488067885156653,0.001971362878363081,4.0,4.0
2024-01-01,2024-02-13,2024-02-13,0.030908847812280538,-0.0026123805020217272,-0.015338826726978283,-0.013884637194948368,4.0,2.0
2024-02-01,2024-03-12,2024-03-12,0.031531711208615976,0.000622863396335438,-0.008652161751047771,-0.011000916093968804,4.0,3.0
2024-03-01,2024-04-10,2024-04-10,0.034773850700380304,0.0032421394917643287,0.01557671374364844,-0.009508923035404848,4.0,5.0
2024-04-01,2024-05-15,2024-05-15,0.03357363950119163,-0.0012002111991886721,0.06914391842067502,0.012757032448187822,4.0,2.0
2024-05-01,2024-06-12,2024-06-12,0.032690290569400204,-0.0008833489317914278,0.0018660158961409934,0.002658183908153866,4.0,2.0
2024-06-01,2024-07-11,2024-07-11,0.029713971072633072,-0.0029763194967671325,-0.0002444889152659613,0.017578001160185153,3.0,1.0
2024-07-01,2024-08-14,2024-08-14,0.028947531984913066,-0.0007664390877200056,-0.03223082786975162,-0.008189191333500823,3.0,2.0
2024-08-01,2024-09-11,2024-09-11,0.025307302964569622,-0.003640229020343444,-0.006344454357705587,-0.0015918222264339477,3.0,1.0
2024-09-01,2024-10-10,2024-10-10,0.02440633031069983,-0.0009009726538697915,-0.02160945291530325,0.007316064767088903,2.0,2.0
2024-10-01,2024-11-13,2024-11-13,0.02597904904914672,0.0015727187384468877,0.002455739973191484,-0.010132384997697308,3.0,4.0
2024-11-01,2024-12-11,2024-12-11,0.027493803960905616,0.0015147549117588976,0.04893910649588307,0.00948865236059504,3.0,4.0
2024-12-01,2025-01-15,2025-01-15,0.02888057219980067,0.001386768238895053,0.03121918032787896,0.007461090407550941,3.0,4.0
2025-01-01,2025-02-12,2025-02-12,0.030004831121501097,0.0011242589217004273,0.017902066154984908,0.0010466070727144228,3.0,3.0
2025-02-01,2025-03-12,2025-03-12,0.0282154895174751,-0.0017893416040259957,-0.0022656322983873878,0.004337373317600424,3.0,2.0
2025-03-01,2025-04-10,2025-04-10,0.023907252538964974,-0.004308236978510127,-0.03315180882117197,0.024130092886814225,2.0,1.0
2025-04-01,2025-05-13,2025-05-13,0.023112888616734883,-0.0007943639222300902,0.02838021378061839,0.004249948759953881,2.0,2.0
2025-05-01,2025-06-11,2025-06-11,0.02354896535474671,0.0004360767380118258,-0.007183196477861031,0.00539769697833048,2.0,3.0
2025-06-01,2025-07-15,2025-07-15,0.02669213018222316,0.0031431648274764523,-0.029816197790067278,-0.0041643640755140154,3.0,5.0
2025-07-01,2025-08-12,2025-08-12,0.027049023971513986,0.00035689378929082416,0.004824796587703517,-0.0009078785028293623,3.0,3.0
2025-08-01,2025-09-11,2025-09-11,0.029161742842984006,0.0021127188714700207,0.007416615438124552,-0.0014924929949513555,3.0,4.0
2025-09-01,2025-10-24,2025-10-24,0.030126767755256134,0.0009650249122721277,0.003759349124404565,-0.0033584660498817698,4.0,3.0
2025-11-01,2025-12-18,2025-12-18,0.027350844551226272,-0.002775923204029862,-0.015342554567006061,-0.0018048314286414069,3.0,1.0
2025-12-01,2026-01-13,2026-01-13,0.026770805278750087,-0.0005800392724761849,0.03145962650429723,-0.0014220515093619213,3.0,3.0
2026-01-01,2026-02-13,2026-02-13,0.02386431244904319,-0.002906492829706897,0.04991730734336386,0.02457422891441219,2.0,1.0
2026-02-01,2026-03-11,2026-03-11,0.024141129866304123,0.0002768174172609328,0.008503845242223917,-0.0033958635686852645,2.0,3.0
2026-03-01,2026-04-10,2026-04-10,0.032564204390883145,0.008423074524579022,0.015685463873067462,-0.001782773309261465,4.0,5.0
2026-04-01,2026-05-12,2026-05-12,0.0381084493212176,0.005544244930334452,-0.01384185190222631,-0.003965060284397914,4.0,5.0
2026-05-01,2026-06-10,2026-06-10,0.04248674039164446,0.004378291070426865,-0.0025095034523392457,-0.042339376208338386,4.0,5.0
2026-06-01,2026-07-14,2026-07-14,0.035314250637863864,-0.007172489753780598,0.03597107353388651,0.013580960339774073,4.0,1.0
2026-07-01,2026-08-12,2026-08-12,0.03364825041479902,-0.0016660002230648452,-0.001809903066675389,0.009827899495455483,4.0,2.0
